epoch,time,train/box_loss,train/cls_loss,train/dfl_loss,metrics/precision(B),metrics/recall(B),metrics/mAP50(B),metrics/mAP50-95(B),val/box_loss,val/cls_loss,val/dfl_loss,lr/pg0,lr/pg1,lr/pg2
1,8.01234,0,63.3802,0,0,0,0,0,0,115.135,0,0,0,0
2,15.0704,0,63.3784,0,0,0,0,0,0,115.173,0,1.37241e-05,1.37241e-05,1.37241e-05
3,21.3185,0,63.2099,0,0,0,0,0,0,115.208,0,2.63165e-05,2.63165e-05,2.63165e-05
4,27.1198,0,63.0741,0,0,0,0,0,0,115.238,0,3.7777e-05,3.7777e-05,3.7777e-05
5,33.0193,0,62.7481,0,0,0,0,0,0,115.277,0,4.81059e-05,4.81059e-05,4.81059e-05
6,38.9273,0,62.4581,0,0,0,0,0,0,115.312,0,5.73029e-05,5.73029e-05,5.73029e-05
7,44.7525,0,62.191,0,0,0,0,0,0,115.339,0,6.53682e-05,6.53682e-05,6.53682e-05
8,50.5561,0,61.8457,0,0,0,0,0,0,115.357,0,7.23017e-05,7.23017e-05,7.23017e-05
9,56.3415,0,61.5292,0,0,0,0,0,0,115.357,0,7.81034e-05,7.81034e-05,7.81034e-05
10,62.2439,0,61.2919,0,0,0,0,0,0,115.351,0,8.27734e-05,8.27734e-05,8.27734e-05
11,67.8568,0,60.8986,0,0,0,0,0,0,115.329,0,8.63116e-05,8.63116e-05,8.63116e-05
12,74.4584,0,60.6255,0,0,0,0,0,0,115.324,0,8.8718e-05,8.8718e-05,8.8718e-05
13,80.4322,0,60.1454,0,0,0,0,0,0,115.32,0,8.99927e-05,8.99927e-05,8.99927e-05
14,86.118,0,59.7203,0,0,0,0,0,0,115.332,0,9.01356e-05,9.01356e-05,9.01356e-05
15,92.2437,0,59.2192,0,0,0,0,0,0,115.369,0,8.91467e-05,8.91467e-05,8.91467e-05
16,98.3543,0,59.5275,0,0,0,0,0,0,115.462,0,8.70261e-05,8.70261e-05,8.70261e-05
17,104.324,0,58.8101,0,0,0,0,0,0,115.589,0,8.37737e-05,8.37737e-05,8.37737e-05
18,110.033,0,58.7056,0,0,0,0,0,0,115.589,0,7.93895e-05,7.93895e-05,7.93895e-05
19,115.934,0,58.191,0,0,0,0,0,0,115.818,0,7.38736e-05,7.38736e-05,7.38736e-05
20,121.941,0,57.563,0,0,0,0,0,0,115.818,0,6.72259e-05,6.72259e-05,6.72259e-05
21,128.849,0,57.7843,0,0,0,0,0,0,116.031,0,5.94464e-05,5.94464e-05,5.94464e-05
22,135.728,0,57.7507,0,0,0,0,0,0,116.031,0,5.05352e-05,5.05352e-05,5.05352e-05
23,142.155,0,57.7003,0,0,0,0,0,0,116.205,0,4.04921e-05,4.04921e-05,4.04921e-05
24,148.107,0,57.2069,0,0,0,0,0,0,116.205,0,2.93174e-05,2.93174e-05,2.93174e-05
25,153.888,0,57.0925,0,0,0,0,0,0,116.31,0,1.70108e-05,1.70108e-05,1.70108e-05
